Stock Name,Symbol,Lot Size,Sector Name,Industry Name,MCap Category,Close,Chg %,Cumulative Future OI,OI Chg %,Volume (Times),Delivery (Times),Cumulative Call OI,Cumulative Put OI,Put Call Ratio (PCR),PCR Change 1D,OI Trend,Symbol with Comma for External Upload,%DlyQttoTradedQty,Date,Rollover
Alkem Laboratories Ltd.,ALKEM,100,Healthcare,Pharmaceuticals & Drugs,Mid Cap,5218.05,2.28,1366800,26.94,5.05,2.96,434300,165200,0.38,0.04,AggressiveNewLong,"ALKEM,",35.39,2024-06-18,0.0276
Can Fin Homes Ltd.,CANFINHOME,975,Finance,Finance - Housing,Small Cap,889.25,6.51,4270500,21.13,4.89,2.04,4115475,3255525,0.79,-0.01,AggressiveNewLong,"CANFINHOME,",20.3,2024-06-18,0.18350000000000002
Grasim Industries Ltd.,GRASIM,477,Construction Materials,Cement & Construction Materials,Large Cap,2457.55,-0.55,9435735,19.58,0.58,0.82,3811475,2012610,0.53,-0.01,NewShort,"GRASIM,",50.74,2024-06-18,0.0371
Mahindra & Mahindra Financial Services Ltd.,M&MFIN,2000,Finance,Finance - NBFC,Mid Cap,307.7,2.93,35768000,19.29,2.31,1.51,15880000,8236000,0.52,-0.15,AggressiveNewLong,"M&MFIN,",36.89,2024-06-18,0.1646
Coromandel International Ltd.,COROMANDEL,700,Chemicals,Fertilizers,Mid Cap,1530.15,1.42,4120200,18.38,1.3,1.81,1573600,1250900,0.79,0.04,AggressiveNewLong,"COROMANDEL,",48.44,2024-06-18,0.2923
United Spirits Ltd.,UNITDSPR,700,Alcohol,Breweries & Distilleries,Large Cap,1252.6,-1.29,11460400,17.45,3.42,3.82,3042900,1963500,0.65,-0.03,AggressiveNewShort,"UNITDSPR,",79.65,2024-06-18,0.06309999999999999
Gujarat Narmada Valley Fertilizers & Chemicals Ltd.,GNFC,1300,Chemicals,Fertilizers,Small Cap,703.2,2.84,8622900,16.1,2.36,2.97,5755100,3244800,0.56,-0.06,AggressiveNewLong,"GNFC,",41.52,2024-06-18,0.17579999999999998
Piramal Enterprises Ltd.,PEL,750,Finance,Finance - NBFC,Mid Cap,900.8,2.07,15474750,13.57,1.32,1.1,6125250,3957000,0.65,-0.28,AggressiveNewLong,"PEL,",34.81,2024-06-18,0.1684
Havells India Ltd.,HAVELLS,500,Capital Goods,Electric Equipment,Large Cap,1828.2,-0.61,7490000,12.67,2.48,2.93,4157500,1822000,0.44,0.0,AggressiveNewShort,"HAVELLS,",77.21,2024-06-18,0.0401
Samvardhana Motherson International Ltd.,MOTHERSON,7100,Automobile & Ancillaries,Auto Ancillary,Mid Cap,180.32,3.26,120771000,9.71,2.04,1.96,54599000,46753500,0.86,-0.1,AggressiveNewLong,"MOTHERSON,",-,2024-06-18,0.0863
Dr. Reddy's Laboratories Ltd.,DRREDDY,125,Healthcare,Pharmaceuticals & Drugs,Large Cap,5991.25,-1.54,3044875,9.01,1.3,1.32,1900625,954000,0.5,-0.06,AggressiveNewShort,"DRREDDY,",61.54,2024-06-18,0.1565
Gujarat Gas Ltd.,GUJGASLTD,1250,Gas Transmission,Gas Transmission/Marketing,Mid Cap,635.25,0.51,9765000,8.55,0.64,0.75,7171250,4411250,0.62,-0.03,NewLong,"GUJGASLTD,",35.13,2024-06-18,0.2492
Metropolis Healthcare Ltd.,METROPOLIS,400,Healthcare,Hospital & Healthcare Services,Small Cap,1955.2,-0.15,2003600,8.54,0.84,0.9,1345200,516000,0.38,-0.02,NewShort,"METROPOLIS,",42.86,2024-06-18,0.1674
City Union Bank Ltd.,CUB,5000,Banking,Bank - Private,Small Cap,157.3,3.92,27185000,8.5,3.1,1.89,15460000,8540000,0.55,-0.07,AggressiveNewLong,"CUB,",30.03,2024-06-18,0.2061
Chambal Fertilisers and Chemicals Ltd.,CHAMBLFERT,1900,Chemicals,Fertilizers,Small Cap,438.35,2.73,12084000,8.38,0.89,0.87,8664000,4529600,0.52,0.01,NewLong,"CHAMBLFERT,",27.68,2024-06-18,0.2045
Lupin Ltd.,LUPIN,425,Healthcare,Pharmaceuticals & Drugs,Mid Cap,1581.45,-1.41,7956850,8.38,1.37,1.92,5242800,2417400,0.46,-0.04,AggressiveNewShort,"LUPIN,",66.34,2024-06-18,0.1014
ABB India Ltd.,ABB,125,Capital Goods,Electric Equipment,Large Cap,8867.0,-1.7,1421375,7.4,0.93,1.16,1587000,820625,0.52,-0.16,NewShort,"ABB,",38.35,2024-06-18,0.1625
Muthoot Finance Ltd.,MUTHOOTFIN,550,Finance,Finance - NBFC,Mid Cap,1748.7,-1.2,4517700,7.16,0.39,0.32,2086150,1031250,0.49,0.02,NewShort,"MUTHOOTFIN,",47.5,2024-06-18,0.0579
Jubilant FoodWorks Ltd.,JUBLFOOD,1250,Fast Moving Consumer Goods,Consumer Food,Mid Cap,550.85,3.81,24037500,7.05,2.12,2.35,10892500,7590000,0.7,0.06,AggressiveNewLong,"JUBLFOOD,",37.17,2024-06-18,0.1757
Oracle Financial Services Software Ltd.,OFSS,100,Information Technology,IT - Software,Mid Cap,9641.85,1.38,1175200,6.84,0.76,1.3,1693100,981600,0.58,-0.1,NewLong,"OFSS,",26.9,2024-06-18,0.0978
Indus Towers Ltd.,INDUSTOWER,3400,Telecom,Telecommunication - Service  Provider,Mid Cap,344.55,1.12,90395800,6.68,2.1,1.54,36390200,22763000,0.63,0.0,AggressiveNewLong,"INDUSTOWER,",29.5,2024-06-18,0.537
HDFC Asset Management Company Ltd.,HDFCAMC,150,Finance,Finance - Asset Management,Mid Cap,3961.05,-1.33,2940750,6.44,0.63,0.71,1173900,634500,0.54,0.02,NewShort,"HDFCAMC,",42.08,2024-06-18,0.15689999999999998
Maruti Suzuki India Ltd.,MARUTI,50,Automobile & Ancillaries,Automobiles - Passenger Cars,Large Cap,12560.95,-2.21,2555300,6.12,2.8,3.37,3476750,1000100,0.29,-0.06,AggressiveNewShort,"MARUTI,",64.97,2024-06-18,0.0682
Granules India Ltd.,GRANULES,2000,Healthcare,Pharmaceuticals & Drugs,Small Cap,474.0,2.65,9586000,5.69,1.25,1.39,6692000,4722000,0.71,-0.07,AggressiveNewLong,"GRANULES,",46.89,2024-06-18,0.0723
PI Industries Ltd.,PIIND,250,Chemicals,Pesticides & Agrochemicals,Mid Cap,3660.9,0.6,1766750,5.45,0.51,0.66,852500,515500,0.6,-0.05,NewLong,"PIIND,",63.78,2024-06-18,0.1057
Indiamart Intermesh Ltd.,INDIAMART,300,Information Technology,e-Commerce,Small Cap,2563.55,-0.54,1123200,5.44,1.19,1.03,717000,363000,0.51,0.01,AggressiveNewShort,"INDIAMART,",39.08,2024-06-18,0.1344
Aditya Birla Capital Ltd.,ABCAPITAL,5400,Finance,Finance - NBFC,Mid Cap,236.06,-1.63,72419400,5.25,0.87,0.91,30844800,23241600,0.75,-0.03,NewShort,"ABCAPITAL,",36.91,2024-06-18,0.11289999999999999
RBL Bank Ltd.,RBLBANK,2500,Banking,Bank - Private,Small Cap,259.81,0.85,61572500,5.06,2.15,3.18,16912500,10090000,0.6,0.0,AggressiveNewLong,"RBLBANK,",43.66,2024-06-18,0.06860000000000001
Ipca Laboratories Ltd.,IPCALAB,650,Healthcare,Pharmaceuticals & Drugs,Mid Cap,1162.85,-1.57,3093350,4.99,0.88,0.93,2007200,947700,0.47,-0.01,NewShort,"IPCALAB,",69.32,2024-06-18,0.13720000000000002
Bharti Airtel Ltd.,BHARTIARTL,475,Telecom,Telecommunication - Service  Provider,Large Cap,1428.35,0.07,39281550,4.93,1.63,1.87,20262550,10332200,0.51,-0.02,AggressiveNewLong,"BHARTIARTL,",77.51,2024-06-18,0.0263
Bharat Heavy Electricals Ltd.,BHEL,2625,Capital Goods,Engineering - Industrial Equipments,Mid Cap,305.6,-0.03,77476875,4.8,0.87,1.07,61178250,36742125,0.6,-0.01,NewShort,"BHEL,",36.8,2024-06-18,0.1255
Dabur India Ltd.,DABUR,1250,Fast Moving Consumer Goods,Household & Personal Products,Large Cap,600.2,-1.39,21752500,4.79,0.92,1.16,17305000,8338750,0.48,-0.07,NewShort,"DABUR,",68.43,2024-06-18,0.038599999999999995
Aditya Birla Fashion and Retail Ltd.,ABFRL,2600,Retailing,Retailing,Small Cap,330.5,0.58,37850800,4.57,1.09,1.6,16832400,11312600,0.67,-0.05,AggressiveNewLong,"ABFRL,",47.18,2024-06-18,0.1472
Oberoi Realty Ltd.,OBEROIRLTY,700,Realty,Construction - Real Estate,Mid Cap,1913.05,0.28,6213200,4.57,0.94,1.06,2272900,1533000,0.67,-0.01,NewLong,"OBEROIRLTY,",60.36,2024-06-18,0.061799999999999994
IDFC Ltd.,IDFC,5000,Finance,Finance - NBFC,Small Cap,120.86,5.21,99210000,4.44,3.2,2.03,22465000,14385000,0.64,-0.03,AggressiveNewLong,"IDFC,",38.79,2024-06-18,0.1152
Jindal Steel & Power Ltd.,JINDALSTEL,625,Iron & Steel,Steel/Sponge Iron/Pig Iron,Large Cap,1034.25,-1.73,11944375,4.33,1.35,1.49,10836875,4436250,0.41,-0.06,AggressiveNewShort,"JINDALSTEL,",59.09,2024-06-18,0.2368
Laurus Labs Ltd.,LAURUSLABS,1700,Healthcare,Pharmaceuticals & Drugs,Small Cap,428.25,-1.53,18014900,4.24,0.92,0.99,7587100,3046400,0.4,0.02,NewShort,"LAURUSLABS,",46.94,2024-06-18,0.1182
Voltas Ltd.,VOLTAS,600,Consumer Durables,Air Conditioners,Mid Cap,1536.15,2.51,7439400,4.23,1.38,1.11,4330200,3057000,0.71,0.06,AggressiveNewLong,"VOLTAS,",37.06,2024-06-18,0.0678
Tata Chemicals Ltd.,TATACHEM,550,Chemicals,Chemicals,Mid Cap,1121.1,1.38,8307200,4.22,0.59,0.75,7171450,4758050,0.66,0.02,NewLong,"TATACHEM,",36.51,2024-06-18,0.17559999999999998
IDFC First Bank Ltd.,IDFCFIRSTB,7500,Banking,Bank - Private,Mid Cap,81.46,4.44,389572500,4.17,2.53,2.63,169972500,102757500,0.6,0.08,AggressiveNewLong,"IDFCFIRSTB,",39.71,2024-06-18,0.207
United Breweries Ltd.,UBL,400,Alcohol,Breweries & Distilleries,Mid Cap,2092.95,-0.77,2051600,4.1,1.58,2.59,745200,884400,1.19,0.09,AggressiveNewShort,"UBL,",66.8,2024-06-18,0.0564
Manappuram Finance Ltd.,MANAPPURAM,3000,Finance,Finance - NBFC,Small Cap,191.74,3.44,46143000,4.08,1.24,1.12,16305000,11676000,0.72,-0.07,AggressiveNewLong,"MANAPPURAM,",39.04,2024-06-18,0.0946
REC Ltd.,RECLTD,2000,Finance,Finance Term Lending,Large Cap,527.95,-0.88,61550000,3.94,0.59,0.78,64360000,31760000,0.49,-0.03,NewShort,"RECLTD,",38.88,2024-06-18,0.1821
Biocon Ltd.,BIOCON,2500,Healthcare,Pharmaceuticals & Drugs,Mid Cap,328.35,-1.93,50845000,3.81,1.15,1.41,16007500,10442500,0.65,-0.04,AggressiveNewShort,"BIOCON,",45.44,2024-06-18,0.182
Tata Motors Ltd.,TATAMOTORS,1425,Automobile & Ancillaries,Automobiles-Trucks/Lcv,Large Cap,985.9,-0.75,82821600,3.71,0.75,0.82,84762725,43839100,0.52,-0.04,NewShort,"TATAMOTORS,",51.91,2024-06-18,0.125
Siemens Ltd.,SIEMENS,150,Capital Goods,Electric Equipment,Large Cap,7727.85,-0.8,1788450,3.54,0.49,0.56,1462500,1024800,0.7,-0.1,NewShort,"SIEMENS,",41.46,2024-06-18,0.115
Info Edge (India) Ltd.,NAUKRI,150,Information Technology,BPO/ITeS,Mid Cap,6186.65,-0.9,1412850,3.39,0.96,0.99,729150,382950,0.53,-0.06,NewShort,"NAUKRI,",61.79,2024-06-18,0.0356
Adani Enterprises Ltd.,ADANIENT,300,Trading,Trading,Large Cap,3309.05,1.45,15382500,3.28,0.45,0.3,14384700,8092800,0.56,-0.03,NewLong,"ADANIENT,",36.6,2024-06-18,0.1363
Crompton Greaves Consumer Electricals Ltd.,CROMPTON,1800,Consumer Durables,Consumer Durables - Domestic Appliances,Small Cap,428.65,0.49,18891000,3.24,1.07,1.61,4788000,3920400,0.82,-0.05,AggressiveNewLong,"CROMPTON,",63.21,2024-06-18,0.0636
Petronet LNG Ltd.,PETRONET,3000,Industrials Gases & Fuels,Industrial  Gases & Fuels,Mid Cap,316.45,-2.3,41391000,3.22,0.71,1.03,18879000,13983000,0.74,-0.03,NewShort,"PETRONET,",54.35,2024-06-18,0.10339999999999999
PVR Inox Ltd.,PVRINOX,407,Media & Entertainment,"Film Production, Distribution & Entertainment",Small Cap,1403.25,0.93,4827020,3.21,0.46,0.59,2954413,1422465,0.48,0.04,NewLong,"PVRINOX,",59.59,2024-06-18,0.1487
The Federal Bank Ltd.,FEDERALBNK,5000,Banking,Bank - Private,Mid Cap,175.09,0.4,78220000,3.07,0.58,0.61,51085000,31700000,0.62,0.0,NewLong,"FEDERALBNK,",35.79,2024-06-18,0.1127
LIC Housing Finance Ltd.,LICHSGFIN,1000,Finance,Finance - Housing,Mid Cap,748.85,2.35,28252000,2.96,0.78,0.74,10423000,11844000,1.14,-0.03,NewLong,"LICHSGFIN,",37.37,2024-06-18,0.0508
L&T Finance Ltd.,LTF,4462,Finance,Finance - NBFC,Mid Cap,179.67,-1.21,56868190,2.9,0.77,1.1,31131374,21997660,0.71,0.03,NewShort,"LTF,",59.68,2024-06-18,0.1346
Tata Steel Ltd.,TATASTEEL,5500,Iron & Steel,Steel & Iron Products,Large Cap,181.12,-1.11,212575000,2.9,0.77,0.94,136048000,108460000,0.8,-0.06,NewShort,"TATASTEEL,",48.25,2024-06-18,0.0802
Hero MotoCorp Ltd.,HEROMOTOCO,150,Automobile & Ancillaries,Automobile Two & Three Wheelers,Mid Cap,5754.85,-0.85,3770100,2.71,0.69,0.66,2359200,1573350,0.67,-0.13,NewShort,"HEROMOTOCO,",49.61,2024-06-18,0.057800000000000004
Exide Industries Ltd.,EXIDEIND,1800,Automobile & Ancillaries,Batteries,Mid Cap,564.55,4.11,21430800,2.66,1.36,1.01,13942800,10843200,0.78,0.1,AggressiveNewLong,"EXIDEIND,",29.3,2024-06-18,0.12
ITC Ltd.,ITC,1600,Fast Moving Consumer Goods,Cigarettes/Tobacco,Large Cap,428.75,-0.56,107251200,2.6,1.33,1.53,90660800,31102400,0.34,0.01,AggressiveNewShort,"ITC,",74.5,2024-06-18,0.1405
Persistent Systems Ltd.,PERSISTENT,200,Information Technology,IT - Software,Mid Cap,3847.55,1.98,2687200,2.56,0.66,0.58,1362800,709200,0.52,-0.06,NewLong,"PERSISTENT,",45.33,2024-06-18,0.0827
ICICI Lombard General Insurance Company Ltd.,ICICIGI,500,Finance,Insurance,Large Cap,1745.25,0.83,3948000,2.55,2.53,3.35,2269000,1287000,0.57,0.0,AggressiveNewLong,"ICICIGI,",72.93,2024-06-18,0.0507
Container Corporation Of India Ltd.,CONCOR,1000,Logistics,Logistics,Mid Cap,1140.3,0.04,9778000,2.52,0.21,0.23,7754000,4974000,0.64,-0.02,NewLong,"CONCOR,",51.18,2024-06-18,0.1841
SBI Cards And Payment Services Ltd.,SBICARD,800,Finance,Finance - NBFC,Large Cap,726.35,-0.27,18502400,2.49,0.84,0.91,8654400,6052800,0.7,-0.01,NewShort,"SBICARD,",56.28,2024-06-18,0.1458
Power Finance Corporation Ltd.,PFC,3875,Finance,Finance Term Lending,Large Cap,507.75,-0.45,59649750,2.47,0.62,0.72,71644450,43247500,0.6,-0.03,NewShort,"PFC,",47.7,2024-06-18,0.1204
TVS Motor Company Ltd.,TVSMOTOR,350,Automobile & Ancillaries,Automobile Two & Three Wheelers,Large Cap,2471.15,-1.31,7398300,2.36,1.12,1.24,2539950,1887550,0.74,-0.07,AggressiveNewShort,"TVSMOTOR,",64.3,2024-06-18,0.054900000000000004
Dixon Technologies (India) Ltd.,DIXON,100,Consumer Durables,Consumer Durables - Electronics,Mid Cap,11546.85,2.7,1784000,2.32,0.98,1.01,1920700,1898600,0.99,0.05,NewLong,"DIXON,",26.75,2024-06-18,0.09050000000000001
Zydus Lifesciences Ltd.,ZYDUSLIFE,900,Healthcare,Pharmaceuticals & Drugs,Mid Cap,1078.95,-2.76,10949400,2.32,1.47,1.14,3978900,1894500,0.48,-0.11,AggressiveNewShort,"ZYDUSLIFE,",45.52,2024-06-18,0.07339999999999999
AU Small Finance Bank Ltd.,AUBANK,1000,Banking,Bank - Private,Mid Cap,664.5,0.49,25857000,2.25,0.76,1.49,7426000,4799000,0.65,0.0,NewLong,"AUBANK,",58.21,2024-06-18,0.13449999999999998
Escorts Kubota Ltd.,ESCORTS,275,Automobile & Ancillaries,Automobiles-Tractors,Mid Cap,4302.1,0.23,1266925,2.22,0.86,1.04,840950,821425,0.98,0.07,NewLong,"ESCORTS,",34.59,2024-06-18,0.051399999999999994
Kotak Mahindra Bank Ltd.,KOTAKBANK,400,Banking,Bank - Private,Large Cap,1719.4,0.13,41096400,2.22,1.19,1.32,13005200,7386800,0.57,0.0,AggressiveNewLong,"KOTAKBANK,",73.16,2024-06-18,0.0638
GAIL (India) Ltd.,GAIL,4575,Industrials Gases & Fuels,Industrial  Gases & Fuels,Large Cap,222.26,0.19,140823075,2.11,0.48,0.56,78891300,43252050,0.55,-0.02,NewLong,"GAIL,",44.57,2024-06-18,0.12390000000000001
Navin Fluorine International Ltd.,NAVINFLUOR,150,Chemicals,Chemicals,Small Cap,3599.7,1.54,1293675,2.04,0.55,0.4,667875,365100,0.55,0.09,NewLong,"NAVINFLUOR,",33.39,2024-06-18,0.1603
SRF Ltd.,SRF,375,Chemicals,Chemicals,Large Cap,2422.2,0.84,4125750,1.95,0.36,0.28,2172375,1255125,0.58,0.0,NewLong,"SRF,",45.18,2024-06-18,0.07139999999999999
Indian Railway Catering And Tourism Corporation Ltd.,IRCTC,875,Hospitality,Travel Services,Mid Cap,1032.4,1.39,17974250,1.93,0.66,0.78,20821500,9512125,0.46,-0.01,NewLong,"IRCTC,",39.69,2024-06-18,0.1107
Punjab National Bank,PNB,8000,Banking,Bank - Public,Large Cap,128.63,-0.24,307832000,1.8,0.67,0.73,152216000,79472000,0.52,-0.01,NewShort,"PNB,",39.44,2024-06-18,0.1107
Aarti Industries Ltd.,AARTIIND,1000,Chemicals,Chemicals,Small Cap,690.45,2.18,11377000,1.73,0.81,0.82,6168000,3223000,0.52,0.01,NewLong,"AARTIIND,",40.07,2024-06-18,0.0839
Aurobindo Pharma Ltd.,AUROPHARMA,550,Healthcare,Pharmaceuticals & Drugs,Mid Cap,1242.7,-1.29,12769900,1.69,3.74,4.6,4643100,2896300,0.62,0.04,AggressiveNewShort,"AUROPHARMA,",57.2,2024-06-18,0.0493
NTPC Ltd.,NTPC,1500,Power,Power Generation/Distribution,Large Cap,369.65,0.33,94497000,1.56,0.84,1.05,81982500,20556000,0.25,0.01,NewLong,"NTPC,",67.87,2024-06-18,0.0557
Shree Cement Ltd.,SHREECEM,25,Construction Materials,Cement & Construction Materials,Large Cap,27462.1,-0.28,268575,1.55,0.64,0.6,77000,49200,0.64,-0.04,NewShort,"SHREECEM,",43.17,2024-06-18,0.0192
Bata India Ltd.,BATAINDIA,375,Retailing,Footwear,Small Cap,1455.85,0.28,3759750,1.49,0.97,0.99,2066625,1803375,0.87,-0.09,NewLong,"BATAINDIA,",49.3,2024-06-18,0.1509
NMDC Ltd.,NMDC,4500,Mining,Mining & Minerals,Mid Cap,265.95,-0.54,76171500,1.47,1.04,1.26,52713000,28633500,0.54,-0.01,AggressiveNewShort,"NMDC,",48.61,2024-06-18,0.0901
IndusInd Bank Ltd.,INDUSINDBK,500,Banking,Bank - Private,Large Cap,1507.9,0.37,23107000,1.42,0.95,1.16,8711500,6045000,0.69,-0.01,NewLong,"INDUSINDBK,",60.52,2024-06-18,0.0984
ICICI Prudential Life Insurance Company Ltd.,ICICIPRULI,1500,Finance,Insurance,Large Cap,606.8,-1.12,13788000,1.36,0.9,0.88,4666500,2641500,0.57,-0.04,NewShort,"ICICIPRULI,",52.98,2024-06-18,0.035
JK Cement Ltd.,JKCEMENT,125,Construction Materials,Cement & Construction Materials,Mid Cap,4408.0,1.88,486375,1.35,1.35,1.55,156500,112375,0.72,0.17,AggressiveNewLong,"JKCEMENT,",54.82,2024-06-18,0.0993
National Aluminium Company Ltd.,NATIONALUM,3750,Non - Ferrous Metals,Aluminium & Aluminium Products,Small Cap,188.13,-1.97,71482500,1.33,0.69,0.73,41351250,21892500,0.53,-0.03,NewShort,"NATIONALUM,",36.59,2024-06-18,0.0964
DLF Ltd.,DLF,825,Realty,Construction - Real Estate,Large Cap,878.8,0.02,40134600,1.32,0.63,0.62,15220425,10095525,0.66,0.01,NewLong,"DLF,",48.92,2024-06-18,0.0584
Abbott India Ltd.,ABBOTINDIA,20,Healthcare,Pharmaceuticals & Drugs,Mid Cap,27198.05,-0.97,153600,1.31,0.56,0.69,23900,12200,0.51,-0.05,NewShort,"ABBOTINDIA,",50.35,2024-06-18,0.08449999999999999
L&T Technology Services Ltd.,LTTS,100,Information Technology,IT - Software,Mid Cap,4863.25,0.36,1511500,1.28,0.43,0.41,720700,464900,0.65,0.03,NewLong,"LTTS,",47.36,2024-06-18,0.1816
Dalmia Bharat Ltd.,DALBHARAT,250,Construction Materials,Cement & Construction Materials,Mid Cap,1889.0,0.35,3443175,1.27,0.6,0.72,1119500,665100,0.59,-0.01,NewLong,"DALBHARAT,",68.16,2024-06-18,0.0904
Mahindra & Mahindra Ltd.,M&M,350,Automobile & Ancillaries,Automobiles - Passenger Cars,Large Cap,2961.9,1.14,15794450,1.27,1.89,2.17,8017100,6875750,0.86,-0.15,AggressiveNewLong,"M&M,",61.91,2024-06-18,0.0626
Indian Energy Exchange Ltd.,IEX,3750,Power,Power Generation/Distribution,Small Cap,185.87,3.45,75825000,1.18,1.26,1.18,46541250,36446250,0.78,0.04,AggressiveNewLong,"IEX,",27.74,2024-06-18,0.1815
Bandhan Bank Ltd.,BANDHANBNK,2500,Banking,Bank - Private,Mid Cap,198.04,1.9,100422100,1.13,0.89,1.11,35464900,25366500,0.72,-0.01,NewLong,"BANDHANBNK,",41.7,2024-06-18,0.16670000000000001
Dr. Lal Pathlabs Ltd.,LALPATHLAB,300,Healthcare,Hospital & Healthcare Services,Small Cap,2723.85,-0.96,1466100,1.12,0.74,0.94,992700,321900,0.32,-0.02,NewShort,"LALPATHLAB,",67.46,2024-06-18,0.056799999999999996
Apollo Tyres Ltd.,APOLLOTYRE,1700,Automobile & Ancillaries,Tyres & Allied,Mid Cap,484.8,1.75,18830900,1.1,1.61,1.19,12678600,6429400,0.51,0.05,AggressiveNewLong,"APOLLOTYRE,",39.46,2024-06-18,0.1409
HDFC Bank Ltd.,HDFCBANK,550,Banking,Bank - Private,Large Cap,1607.8,0.68,180574350,1.1,1.15,1.13,46167550,28085750,0.61,-0.02,AggressiveNewLong,"HDFCBANK,",57.26,2024-06-18,0.06269999999999999
Coal India Ltd.,COALINDIA,2100,Mining,Mining & Minerals,Large Cap,489.05,0.43,56985600,1.08,0.68,0.76,57168300,29003100,0.51,-0.01,NewLong,"COALINDIA,",48.22,2024-06-18,0.10490000000000001
Ashok Leyland Ltd.,ASHOKLEY,5000,Automobile & Ancillaries,Automobiles-Trucks/Lcv,Mid Cap,239.24,-0.25,83860000,1.03,0.91,1.29,59640000,39100000,0.66,-0.04,NewShort,"ASHOKLEY,",51.27,2024-06-18,0.1496
Deepak Nitrite Ltd.,DEEPAKNTR,300,Chemicals,Chemicals,Mid Cap,2422.35,0.36,2154600,1.03,0.81,1.05,1202400,838800,0.7,-0.05,NewLong,"DEEPAKNTR,",61.54,2024-06-18,0.08689999999999999
Britannia Industries Ltd.,BRITANNIA,200,Fast Moving Consumer Goods,Consumer Food,Large Cap,5395.85,0.04,2372600,0.98,0.47,0.52,1880400,593400,0.32,0.0,NewLong,"BRITANNIA,",56.42,2024-06-18,0.0397
Bosch Ltd.,BOSCHLTD,25,Automobile & Ancillaries,Auto Ancillary,Mid Cap,33379.2,3.25,294950,0.81,4.23,3.08,159625,71225,0.45,-0.22,AggressiveNewLong,"BOSCHLTD,",28.05,2024-06-18,0.0636
Tata Consultancy Services Ltd.,TCS,175,Information Technology,IT - Software,Large Cap,3815.1,-0.44,19425000,0.74,0.97,0.94,10146675,5211150,0.51,0.02,NewShort,"TCS,",62.39,2024-06-18,0.0852
Hindustan Aeronautics Ltd.,HAL,300,Other,Defence,Large Cap,5533.45,6.4,13581300,0.72,2.71,1.82,12706800,8121000,0.64,0.07,AggressiveNewLong,"HAL,",21.48,2024-06-18,0.2912
Berger Paints India Ltd.,BERGEPAINT,1320,Chemicals,Paints,Large Cap,504.0,0.26,25212000,0.67,0.91,0.69,7673160,4154040,0.54,0.0,NewLong,"BERGEPAINT,",46.59,2024-06-18,0.094
Indraprastha Gas Ltd.,IGL,1375,Gas Transmission,Gas Transmission/Marketing,Mid Cap,482.35,-0.05,17158625,0.65,0.27,0.22,12021625,6751250,0.56,0.02,NewShort,"IGL,",42.08,2024-06-18,0.1458
Oil & Natural Gas Corporation Ltd.,ONGC,1925,Crude Oil,Oil Exploration,Large Cap,275.8,0.15,78230075,0.54,0.78,1.18,92355725,29902950,0.32,-0.02,NewLong,"ONGC,",61.69,2024-06-18,0.1105
Mphasis Ltd.,MPHASIS,275,Information Technology,IT - Software,Mid Cap,2417.35,0.35,5071825,0.46,0.07,0.05,3027475,1757250,0.58,0.0,NewLong,"MPHASIS,",55.9,2024-06-18,0.125
Birlasoft Ltd.,BSOFT,1000,Information Technology,IT - Software,Small Cap,683.8,0.86,15070000,0.43,1.1,1.35,8766000,4607000,0.53,0.03,AggressiveNewLong,"BSOFT,",41.28,2024-06-18,0.1566
Bharat Electronics Ltd.,BEL,2850,Capital Goods,Engineering - Industrial Equipments,Large Cap,318.25,2.79,136158750,0.41,1.44,1.41,94340700,67034850,0.71,0.05,AggressiveNewLong,"BEL,",38.26,2024-06-18,0.22390000000000002
Hindalco Industries Ltd.,HINDALCO,1400,Non - Ferrous Metals,Metal - Non Ferrous,Large Cap,678.75,-0.71,41542200,0.4,0.53,0.54,26761000,15355200,0.57,-0.03,NewShort,"HINDALCO,",61.69,2024-06-18,0.0682
Tech Mahindra Ltd.,TECHM,600,Information Technology,IT - Software,Large Cap,1371.35,-0.01,16222200,0.39,0.45,0.55,6878400,4661400,0.68,-0.04,NewShort,"TECHM,",54.3,2024-06-18,0.0557
Multi Commodity Exchange Of India Ltd.,MCX,200,Finance,Finance - Stock Broking,Small Cap,3914.1,0.11,2668800,0.35,0.49,0.47,1442200,1136600,0.79,0.0,NewLong,"MCX,",29.15,2024-06-18,0.0864
Nestle India Ltd.,NESTLEIND,200,Fast Moving Consumer Goods,Consumer Food,Large Cap,2550.35,0.31,5769600,0.34,0.39,0.46,1892600,831200,0.44,0.01,NewLong,"NESTLEIND,",58.27,2024-06-18,0.0363
Cipla Ltd.,CIPLA,650,Healthcare,Pharmaceuticals & Drugs,Large Cap,1574.8,0.64,10216700,0.3,1.1,1.4,6214650,5361200,0.86,0.02,AggressiveNewLong,"CIPLA,",67.1,2024-06-18,0.0301
Reliance Industries Ltd.,RELIANCE,250,Crude Oil,Refineries,Large Cap,2962.05,0.24,39845750,0.29,0.74,0.78,26772000,12013500,0.45,-0.01,NewLong,"RELIANCE,",59.39,2024-06-18,0.0756
Colgate-Palmolive (India) Ltd.,COLPAL,350,Fast Moving Consumer Goods,Household & Personal Products,Mid Cap,2945.7,-0.23,2649500,0.19,1.59,1.68,957950,572600,0.6,-0.06,AggressiveNewShort,"COLPAL,",50.71,2024-06-18,0.07139999999999999
Glenmark Pharmaceuticals Ltd.,GLENMARK,725,Healthcare,Pharmaceuticals & Drugs,Mid Cap,1242.85,0.46,9585225,0.17,1.58,1.36,1919075,1389100,0.72,0.02,AggressiveNewLong,"GLENMARK,",37.61,2024-06-18,0.0149
Infosys Ltd.,INFY,400,Information Technology,IT - Software,Large Cap,1498.2,0.62,48410000,0.13,0.83,0.91,25400400,11164800,0.44,0.01,NewLong,"INFY,",72.7,2024-06-18,0.0931
Trent Ltd.,TRENT,200,Retailing,Retailing,Large Cap,5357.6,2.14,3199600,0.13,1.47,1.31,1683800,1273800,0.76,-0.16,AggressiveNewLong,"TRENT,",36.18,2024-06-18,0.1459
MRF Ltd.,MRF,5,Automobile & Ancillaries,Tyres & Allied,Mid Cap,125848.2,0.21,55070,0.11,0.52,0.84,19260,9100,0.47,0.0,NewLong,"MRF,",45.22,2024-06-18,0.0935
ICICI Bank Ltd.,ICICIBANK,700,Banking,Bank - Private,Large Cap,1122.85,1.56,76770400,0.09,1.45,1.76,36601600,14778400,0.4,0.05,AggressiveNewLong,"ICICIBANK,",67.07,2024-06-18,0.0751
Vedanta Ltd.,VEDL,2300,Non - Ferrous Metals,Metal - Non Ferrous,Large Cap,452.3,1.05,81003700,0.06,0.76,0.72,46000000,30810800,0.67,0.03,NewLong,"VEDL,",42.74,2024-06-18,0.073
Canara Bank,CANBK,6750,Banking,Bank - Public,Large Cap,121.88,0.89,225139500,0.05,0.79,0.95,126704250,76882500,0.61,0.01,NewLong,"CANBK,",57.92,2024-06-18,0.1177
Indian Oil Corporation Ltd.,IOC,4875,Crude Oil,Refineries,Large Cap,169.59,-0.45,153274875,0.04,0.77,0.98,93322125,49427625,0.53,0.0,NewShort,"IOC,",51.32,2024-06-18,0.1255
Titan Company Ltd.,TITAN,175,Diamond & Jewellery,Diamond  &  Jewellery,Large Cap,3589.0,1.67,7744275,0.02,0.89,0.61,3850175,2572850,0.67,-0.07,NewLong,"TITAN,",44.86,2024-06-18,0.11779999999999999
Larsen & Toubro Ltd.,LT,150,Infrastructure,Engineering - Construction,Large Cap,3689.2,0.04,14576850,0.0,0.77,0.94,10160400,4606650,0.45,-0.01,NewLong,"LT,",64.61,2024-06-18,0.08810000000000001
Bajaj Finance Ltd.,BAJFINANCE,125,Finance,Finance - NBFC,Large Cap,7334.7,-0.09,8099000,-0.01,0.81,0.66,4043375,2378000,0.59,-0.04,LongCover,"BAJFINANCE,",46.57,2024-06-18,0.0588
Tata Power Company Ltd.,TATAPOWER,3375,Power,Power Generation/Distribution,Large Cap,451.7,0.68,88495875,-0.01,0.57,0.64,64803375,33011550,0.51,-0.01,ShortCover,"TATAPOWER,",46.83,2024-06-18,0.1152
Bharat Forge Ltd.,BHARATFORG,500,Automobile & Ancillaries,Forgings,Mid Cap,1696.7,-1.2,5739000,-0.11,0.87,1.27,3908000,2641500,0.68,-0.09,LongCover,"BHARATFORG,",59.77,2024-06-18,0.0803
Marico Ltd.,MARICO,1200,Fast Moving Consumer Goods,Consumer Food,Large Cap,623.5,0.67,17191200,-0.14,0.45,0.47,10365600,4800000,0.46,0.0,ShortCover,"MARICO,",57.25,2024-06-18,0.0455
Syngene International Ltd.,SYNGENE,1000,Healthcare,Pharmaceuticals & Drugs,Mid Cap,707.6,0.08,5318000,-0.17,0.51,0.62,2611000,1929000,0.74,-0.01,ShortCover,"SYNGENE,",61.54,2024-06-18,0.0953
Bank Of Baroda,BANKBARODA,2925,Banking,Bank - Public,Large Cap,287.3,0.37,151579350,-0.24,0.55,0.62,43839900,31633875,0.72,0.0,ShortCover,"BANKBARODA,",48.67,2024-06-18,0.053399999999999996
Tata Communications Ltd.,TATACOMM,500,Telecom,Telecommunication - Service  Provider,Mid Cap,1868.2,-0.01,6979000,-0.25,0.5,0.81,2541000,1323500,0.52,0.0,LongCover,"TATACOMM,",65.12,2024-06-18,0.11960000000000001
HDFC Life Insurance Company Ltd.,HDFCLIFE,1100,Finance,Insurance,Large Cap,601.2,0.48,37831200,-0.3,0.55,0.48,19219200,10930700,0.57,0.04,ShortCover,"HDFCLIFE,",49.44,2024-06-18,0.07719999999999999
SBI Life Insurance Company Ltd.,SBILIFE,375,Finance,Insurance,Large Cap,1473.55,0.25,9163875,-0.37,0.81,0.7,3430500,1330875,0.39,-0.01,ShortCover,"SBILIFE,",53.19,2024-06-18,0.033
Wipro Ltd.,WIPRO,1500,Information Technology,IT - Software,Large Cap,491.85,3.01,64626000,-0.37,2.42,2.46,41961000,26565000,0.63,0.05,AggressiveShortCover,"WIPRO,",40.08,2024-06-18,0.14880000000000002
Asian Paints Ltd.,ASIANPAINT,200,Chemicals,Paints,Large Cap,2918.5,-0.11,12312200,-0.38,0.72,0.82,5521800,2601200,0.47,-0.01,LongCover,"ASIANPAINT,",64.01,2024-06-18,0.0513
Apollo Hospitals Enterprise Ltd.,APOLLOHOSP,125,Healthcare,Hospital & Healthcare Services,Large Cap,6236.35,0.46,2099750,-0.4,0.7,0.79,1167625,637500,0.55,-0.01,ShortCover,"APOLLOHOSP,",63.89,2024-06-18,0.0388
Godrej Properties Ltd.,GODREJPROP,475,Realty,Construction - Real Estate,Mid Cap,3088.9,3.01,3632725,-0.54,0.94,1.25,2422575,1838050,0.76,0.08,ShortCover,"GODREJPROP,",43.89,2024-06-18,0.063
Cholamandalam Investment and Finance Company Ltd.,CHOLAFIN,625,Finance,Finance - NBFC,Large Cap,1454.15,0.49,9727500,-0.64,0.66,0.86,3349375,3210625,0.96,-0.12,ShortCover,"CHOLAFIN,",55.6,2024-06-18,0.046900000000000004
HCL Technologies Ltd.,HCLTECH,350,Information Technology,IT - Software,Large Cap,1437.2,0.43,19275900,-0.67,0.59,0.65,9304400,4078900,0.44,0.01,ShortCover,"HCLTECH,",65.47,2024-06-18,0.0986
Eicher Motors Ltd.,EICHERMOT,175,Automobile & Ancillaries,Automobile Two & Three Wheelers,Large Cap,4936.1,0.02,3923850,-0.69,1.2,0.97,1350650,889700,0.66,0.05,ShortCover,"EICHERMOT,",46.94,2024-06-18,0.0321
Atul Ltd.,ATUL,75,Chemicals,Chemicals,Small Cap,6277.35,0.25,498050,-0.71,0.5,0.46,97400,72200,0.74,-0.01,ShortCover,"ATUL,",40.33,2024-06-18,0.1479
Godrej Consumer Products Ltd.,GODREJCP,500,Fast Moving Consumer Goods,Household & Personal Products,Large Cap,1403.65,0.77,5809500,-0.74,1.36,1.55,2303000,1134000,0.49,0.01,AggressiveShortCover,"GODREJCP,",64.98,2024-06-18,0.0217
Polycab India Ltd.,POLYCAB,100,Electricals,Cable,Large Cap,7110.25,0.43,1701825,-0.74,0.45,0.46,914300,519200,0.57,0.0,ShortCover,"POLYCAB,",41.67,2024-06-18,0.0901
Pidilite Industries Ltd.,PIDILITIND,250,Chemicals,Chemicals,Large Cap,3122.6,0.41,2284250,-0.82,0.69,0.63,1115250,523250,0.47,-0.01,ShortCover,"PIDILITIND,",55.62,2024-06-18,0.0538
Axis Bank Ltd.,AXISBANK,625,Banking,Bank - Private,Large Cap,1191.9,0.92,41280000,-0.85,0.94,1.01,18665625,7924375,0.42,0.01,ShortCover,"AXISBANK,",63.0,2024-06-18,0.0495
State Bank Of India,SBIN,750,Banking,Bank - Public,Large Cap,844.9,0.68,89295000,-0.88,1.04,1.16,85182000,43769250,0.51,0.0,AggressiveShortCover,"SBIN,",43.07,2024-06-18,0.11539999999999999
Ambuja Cements Ltd.,AMBUJACEM,900,Construction Materials,Cement & Construction Materials,Large Cap,674.1,-0.46,36786600,-0.89,0.37,0.41,18580500,13394700,0.72,-0.03,LongCover,"AMBUJACEM,",44.17,2024-06-18,0.0559
UPL Ltd.,UPL,1300,Chemicals,Pesticides & Agrochemicals,Mid Cap,556.15,0.81,38351300,-0.89,0.42,0.61,20837700,10436400,0.5,0.01,ShortCover,"UPL,",49.83,2024-06-18,0.10710000000000001
Hindustan Petroleum Corporation Ltd.,HINDPETRO,1350,Crude Oil,Refineries,Mid Cap,530.15,-1.15,34839450,-0.95,1.04,1.42,21879450,11758500,0.54,-0.01,AggressiveLongCover,"HINDPETRO,",52.22,2024-06-18,0.10779999999999999
Vodafone Idea Ltd.,IDEA,40000,Telecom,Telecommunication - Service  Provider,Mid Cap,16.85,0.72,3881800000,-1.0,0.78,0.71,1181800000,805040000,0.68,0.02,ShortCover,"IDEA,",27.55,2024-06-18,0.2555
Cummins India Ltd.,CUMMINSIND,300,Automobile & Ancillaries,Diesel Engines,Mid Cap,3825.85,0.01,4298700,-1.06,0.54,0.54,1885500,1005300,0.53,-0.02,ShortCover,"CUMMINSIND,",50.32,2024-06-18,0.06269999999999999
Balkrishna Industries Ltd.,BALKRISIND,300,Automobile & Ancillaries,Tyres & Allied,Mid Cap,3345.6,3.24,1909800,-1.1,1.82,1.32,1420200,936900,0.66,0.08,AggressiveShortCover,"BALKRISIND,",32.72,2024-06-18,0.0862
Adani Ports and Special Economic Zone Ltd.,ADANIPORTS,400,Logistics,Port,Large Cap,1445.0,1.0,33768400,-1.12,1.36,1.47,26746000,15398800,0.58,0.0,AggressiveShortCover,"ADANIPORTS,",40.39,2024-06-18,0.0875
Coforge Ltd.,COFORGE,150,Information Technology,IT - Software,Mid Cap,5273.1,1.37,2341800,-1.15,0.77,0.85,2264400,1041000,0.46,-0.01,ShortCover,"COFORGE,",47.03,2024-06-18,0.1267
Bajaj Finserv Ltd.,BAJAJFINSV,500,Finance,Finance - Investment,Large Cap,1597.95,0.39,11526000,-1.17,1.08,1.1,5267000,2503500,0.48,0.02,AggressiveShortCover,"BAJAJFINSV,",52.55,2024-06-18,0.0574
Sun Pharmaceutical Industries Ltd.,SUNPHARMA,350,Healthcare,Pharmaceuticals & Drugs,Large Cap,1520.95,0.33,16409400,-1.18,1.19,1.46,11529700,3093650,0.27,0.01,AggressiveShortCover,"SUNPHARMA,",70.44,2024-06-18,0.0219
Steel Authority Of India Ltd.,SAIL,4000,Iron & Steel,Steel & Iron Products,Mid Cap,153.41,-0.14,165228000,-1.2,0.85,0.91,46024000,30732000,0.67,0.01,LongCover,"SAIL,",42.31,2024-06-18,0.0677
ACC Ltd.,ACC,300,Construction Materials,Cement & Construction Materials,Mid Cap,2652.0,-0.36,4704900,-1.33,0.37,0.33,2387400,1295700,0.54,-0.02,LongCover,"ACC,",42.6,2024-06-18,0.0559
The India Cements Ltd.,INDIACEM,2900,Construction Materials,Cement & Construction Materials,Small Cap,220.61,-0.37,25963700,-1.38,0.46,0.66,7818400,5275100,0.67,0.01,LongCover,"INDIACEM,",43.08,2024-06-18,0.0978
Hindustan Copper Ltd.,HINDCOPPER,2650,Non - Ferrous Metals,Metal - Non Ferrous,Small Cap,332.95,-1.17,34982650,-1.4,0.71,0.98,15886750,10107100,0.64,0.02,LongCover,"HINDCOPPER,",51.56,2024-06-18,0.1476
Page Industries Ltd.,PAGEIND,15,Textile,Textile,Mid Cap,38424.7,-0.23,198270,-1.42,0.53,0.37,34215,25050,0.73,0.01,LongCover,"PAGEIND,",27.08,2024-06-18,0.069
Tata Consumer Products Ltd.,TATACONSUM,450,Agriculture,Tea/Coffee,Large Cap,1126.9,1.3,11243250,-1.42,1.02,1.44,6718050,3528000,0.53,0.01,AggressiveShortCover,"TATACONSUM,",68.92,2024-06-18,0.0499
Torrent Pharmaceuticals Ltd.,TORNTPHARM,250,Healthcare,Pharmaceuticals & Drugs,Large Cap,2886.85,0.16,1344250,-1.48,0.96,1.38,317250,225500,0.71,0.06,ShortCover,"TORNTPHARM,",71.51,2024-06-18,0.0227
Bajaj Auto Ltd.,BAJAJ-AUTO,125,Automobile & Ancillaries,Automobile Two & Three Wheelers,Large Cap,9918.2,-0.44,2094350,-1.6,0.67,0.68,1062800,972625,0.92,-0.1,LongCover,"BAJAJ-AUTO,",50.84,2024-06-18,0.0
Divi's Laboratories Ltd.,DIVISLAB,200,Healthcare,Pharmaceuticals & Drugs,Large Cap,4564.5,-0.53,2372400,-1.64,0.47,0.46,1568800,879600,0.56,-0.06,LongCover,"DIVISLAB,",49.99,2024-06-18,0.057999999999999996
The Indian Hotels Company Ltd.,INDHOTEL,1000,Hospitality,"Hotel, Resort & Restaurants",Mid Cap,621.45,1.24,17303000,-1.76,0.92,0.86,7925000,5394000,0.68,0.03,ShortCover,"INDHOTEL,",49.18,2024-06-18,0.0794
Shriram Finance Ltd.,SHRIRAMFIN,300,Finance,Finance - NBFC,Large Cap,2829.75,3.57,5355000,-1.9,1.61,1.55,2148300,1855200,0.86,0.11,AggressiveShortCover,"SHRIRAMFIN,",-,2024-06-18,0.04190000000000001
Max Financial Services Ltd.,MFSL,800,Finance,Finance - Others,Mid Cap,990.7,-0.28,5239200,-1.95,0.91,0.96,2408000,950400,0.39,-0.01,LongCover,"MFSL,",60.15,2024-06-18,0.032400000000000005
Interglobe Aviation Ltd.,INDIGO,300,Aviation,Airlines,Large Cap,4302.25,0.75,9210000,-1.98,0.4,0.49,6189600,3088800,0.5,-0.01,ShortCover,"INDIGO,",64.12,2024-06-18,0.1155
Hindustan Unilever Ltd.,HINDUNILVR,300,Fast Moving Consumer Goods,Household & Personal Products,Large Cap,2486.25,0.26,18460800,-2.12,0.96,1.17,13322400,5469900,0.41,-0.02,ShortCover,"HINDUNILVR,",72.57,2024-06-18,0.0506
Astral Ltd.,ASTRAL,367,Plastic Products,Plastic Products,Mid Cap,2257.2,-0.54,2655979,-2.16,0.52,0.49,1233120,604449,0.49,0.0,LongCover,"ASTRAL,",40.62,2024-06-18,0.0512
Ultratech Cement Ltd.,ULTRACEMCO,100,Construction Materials,Cement & Construction Materials,Large Cap,11119.05,-1.1,2087300,-2.26,0.6,0.67,1337000,1053600,0.79,-0.11,LongCover,"ULTRACEMCO,",63.02,2024-06-18,0.05
The Ramco Cements Ltd.,RAMCOCEM,850,Construction Materials,Cement & Construction Materials,Mid Cap,875.3,0.68,9715500,-2.32,0.31,0.3,4304400,2521950,0.59,-0.04,ShortCover,"RAMCOCEM,",38.39,2024-06-18,0.071
Sun TV Network Ltd.,SUNTV,1500,Media & Entertainment,TV Broadcasting & Software Production,Mid Cap,757.05,-0.07,7542000,-2.35,0.24,0.22,6084000,3600000,0.59,0.01,LongCover,"SUNTV,",27.04,2024-06-18,0.1341
Zee Entertainment Enterprises Ltd.,ZEEL,3000,Media & Entertainment,TV Broadcasting & Software Production,Mid Cap,160.92,-1.87,123687000,-2.53,0.52,0.63,12246000,9540000,0.78,0.03,LongCover,"ZEEL,",51.26,2024-06-18,0.0
LTIMindtree Ltd.,LTIM,150,Information Technology,IT - Software,Large Cap,5089.6,1.13,4013400,-2.71,1.44,2.07,1816650,883650,0.49,0.02,AggressiveShortCover,"LTIM,",69.01,2024-06-18,0.1012
JSW Steel Ltd.,JSWSTEEL,675,Iron & Steel,Steel & Iron Products,Large Cap,925.35,0.46,14390325,-3.72,1.2,1.43,7416900,4355775,0.59,-0.02,AggressiveShortCover,"JSWSTEEL,",57.38,2024-06-18,0.048499999999999995
Balrampur Chini Mills Ltd.,BALRAMCHIN,1600,Agriculture,Sugar,Small Cap,429.05,-0.27,13273600,-4.25,0.33,0.36,7012800,4219200,0.6,0.02,LongCover,"BALRAMCHIN,",40.65,2024-06-18,0.20989999999999998
Bharat Petroleum Corporation Ltd.,BPCL,900,Crude Oil,Refineries,Large Cap,630.9,0.68,35137800,-4.84,0.86,1.18,32414400,14848200,0.46,-0.01,ShortCover,"BPCL,",56.17,2024-06-18,0.1052
Power Grid Corporation Of India Ltd.,POWERGRID,3600,Power,Power Generation/Distribution,Large Cap,331.8,3.2,63788400,-6.49,1.29,1.67,52653600,40665600,0.77,0.13,AggressiveShortCover,"POWERGRID,",59.35,2024-06-18,0.08410000000000001
Mahanagar Gas Ltd.,MGL,400,Gas Transmission,Gas Transmission/Marketing,Small Cap,1471.65,0.4,1649600,-7.8,0.47,0.64,1865600,1034400,0.55,0.03,ShortCover,"MGL,",40.1,2024-06-18,0.0806
GMR Airports Infrastructure Ltd.,GMRINFRA,11250,Aviation,Airport Management Services,Mid Cap,97.84,4.17,206066250,-8.99,1.63,2.24,87896250,62988750,0.72,0.06,AggressiveShortCover,"GMRINFRA,",47.62,2024-06-18,0.1666
